<grammar version="1.0" xml:lang="fr-FR" mode="voice" root="rulebboxTV" xmlns="http://www.w3.org/2001/06/grammar" tag-format="semantics/1.0">
  <rule id="rulebboxTV" scope="public">
    <example>Sarah allumes la bibox</example>
    <tag>out.action=new Object(); </tag>
    
    <item>SARAH</item>
    <one-of>
	  <item>Tu voie la bibox                <tag>out.action.key="O999";</tag></item>
	  <item>Tu voie la bbox                <tag>out.action.key="O999";</tag></item>
      <item>allumé la bibox                 <tag>out.action.key="O000";</tag></item>
  	  <item>éteindre la bibox               <tag>out.action.key="O000";</tag></item>
      <item>coupe le son de la bibox        <tag>out.action.key="O032";</tag></item>
      <item>remets le son de la bibox       <tag>out.action.key="O032";</tag></item>
      <item>baisse le son de la bibox       <tag>out.action.key="O028";</tag></item>
      <item>monte le son de la bibox        <tag>out.action.key="O027";</tag></item>
      <item>augmente le son de la bibox     <tag>out.action.key="O027";</tag></item>
      <item>chaine suivante					<tag>out.action.key="O026";</tag></item>
	  <item>chaine précédente				<tag>out.action.key="O025";</tag></item>
      <item>mets la bibox sur pause         <tag>out.action.key="O023";</tag></item>
      <item>mets sur pause la bibox         <tag>out.action.key="O023";</tag></item>
      <item>mets la bibox en lecture        <tag>out.action.key="O023";</tag></item>
      <item>mets en lecture la bibox        <tag>out.action.key="O023";</tag></item>
      <item>mets en avance rapide la bibox  <tag>out.action.key="O019";</tag></item>
	  <item>mets en retour rapide la bibox  <tag>out.action.key="O018";</tag></item>
      <item>les infos du programme          <tag>out.action.key="O015";</tag></item>
      <item>enlève les infos                <tag>out.action.key="O015";</tag></item>
      <item>bibox OK                        <tag>out.action.key="O007";</tag></item>
      <item>bibox maison                    <tag>out.action.key="O012";</tag></item>
      <item>bibox menu                      <tag>out.action.key="O012";</tag></item>
      <item>bibox droit                     <tag>out.action.key="O008";</tag></item>
      <item>bibox gauche                    <tag>out.action.key="O006";</tag></item>
      <item>bibox haut                      <tag>out.action.key="O005";</tag></item>
      <item>bibox bas                       <tag>out.action.key="O009";</tag></item>
      <item>bibox retour                    <tag>out.action.key="O013";</tag></item>
	  <item>bibox v.o.d                     <tag>out.action.key="O030";</tag></item>
	  <item>bibox guide                     <tag>out.action.key="O031";</tag></item>
	  <item>bibox liste                     <tag>out.action.key="O045";</tag></item>
      <item>mets la bibox en enregistrements   <tag>out.action.key="O024";</tag></item>
      <item>zappe sur</item>
     </one-of>

    <item repeat="0-1">
    <one-of>
	       <item>TF1				<tag>out.action.key="1";out.action.msg="je zappe sur TF1"</tag></item>
		   <item>France deux		<tag>out.action.key="2";out.action.msg="je zappe sur France 2"</tag></item>
		   <item>France trois		<tag>out.action.key="3";out.action.msg="je zappe sur France 3"</tag></item>
		   <item>Canal plus			<tag>out.action.key="4";out.action.msg="je zappe sur Canal plus"</tag></item>
		   <item>France 5			<tag>out.action.key="5";out.action.msg="je zappe sur France 5"</tag></item>
		   <item>M6					<tag>out.action.key="6";out.action.msg="je zappe sur M6"</tag></item>
		   <item>Arte				<tag>out.action.key="7";out.action.msg="je zappe sur Arte"</tag></item>
		   <item>D8					<tag>out.action.key="8";out.action.msg="je zappe sur D8"</tag></item>
		   <item>W 9				<tag>out.action.key="9";out.action.msg="je zappe sur W9"</tag></item>
		   <item>TMC				<tag>out.action.key="10";out.action.msg="je zappe sur TMC"</tag></item>
		   <item>NT1				<tag>out.action.key="11";out.action.msg="je zappe sur NT1"</tag></item>
		   <item>NRJ 12				<tag>out.action.key="12";out.action.msg="je zappe sur NRJ 12"</tag></item>
		   <item>LCP				<tag>out.action.key="13";out.action.msg="je zappe sur LCP"</tag></item>
           <item>La Chaine Parlementaire<tag>out.action.key="13";out.action.msg="je zappe sur LCP"</tag></item>
		   <item>France quatre		<tag>out.action.key="14";out.action.msg="je zappe sur France 4"</tag></item>
		   <item>BFM TV				<tag>out.action.key="15";out.action.msg="je zappe sur BFM TV"</tag></item>
		   <item>I-Télé				<tag>out.action.key="16";out.action.msg="je zappe sur I-Télé"</tag></item>
		   <item>D17				<tag>out.action.key="17";out.action.msg="je zappe sur D17";</tag></item>
		   <item>Gulli				<tag>out.action.key="18";out.action.msg="je zappe sur Gulli"</tag></item>
		   <item>France O			<tag>out.action.key="19";out.action.msg="je zappe sur France O"</tag></item>
           <item>HD1				<tag>out.action.key="20";out.action.msg="je zappe sur HD1"</tag></item>
		   <item>L'équipe			<tag>out.action.key="21";out.action.msg="je zappe sur l'équipe 21"</tag></item>
		   <item>6 ter				<tag>out.action.key="22";out.action.msg="je zappe sur 6 ter"</tag></item>
		   <item>Numéro 23			<tag>out.action.key="23";out.action.msg="je zappe sur Numéro 23"</tag></item>
		   <item>RMC decouverte	    <tag>out.action.key="24";out.action.msg="je zappe sur RMC decouverte"</tag></item>
           <item>Chérie				<tag>out.action.key="25";out.action.msg="je zappe sur Chérie 25"</tag></item>
           <item>bibox				<tag>out.action.key="26";out.action.msg="je zappe sur bibox Actu"</tag></item>
           <item>disney				<tag>out.action.key="27";out.action.msg="je zappe sur disney"</tag></item>
		   <item>L C I 			    <tag>out.action.key="28";out.action.msg="je zappe sur L,C,I"</tag></item>
		   <item>eurosport 	    	<tag>out.action.key="29";out.action.msg="je zappe sur eurosport"</tag></item>
		   <item>RTL9		        <tag>out.action.key="30";out.action.msg="je zappe sur RTL9"</tag></item>
		 	<item>Paris premiere	<tag>out.action.key="31";out.action.msg="je zappe sur Paris premiere"</tag></item>
		   <item>TEVA			    <tag>out.action.key="32";out.action.msg="je zappe sur Teva"</tag></item>
			<item>TV breizh		<tag>out.action.key="33";out.action.msg="je zappe sur TV breizh"</tag></item>
		   <item>TV5 Monde			<tag>out.action.key="34";out.action.msg="je zappe sur TV5 Monde"</tag></item>
		   <item>Game One			<tag>out.action.key="35";out.action.msg="je zappe sur Game One"</tag></item>
			<item>E!			<tag>out.action.key="37";out.action.msg="je zappe sur E!"</tag></item>
			<item>AB1				<tag>out.action.key="38";out.action.msg="je zappe sur AB1"</tag></item>

		   <item>EuroSport			<tag>out.action.key="50";out.action.msg="je zappe sur EuroSport"</tag></item>
		   <item>EuroSport deux		<tag>out.action.key="51";out.action.msg="je zappe sur EuroSport 2"</tag></item>
		   <item>AB moteur			<tag>out.action.key="53";out.action.msg="je zappe sur ABmoteur"</tag></item>
		   <item>Equidia Live			<tag>out.action.key="53";out.action.msg="je zappe sur Equidia Live"</tag></item>

			<item>Be in One			<tag>out.action.key="60";out.action.msg="je zappe sur Equidia Be In One"</tag></item><item>Be in two			<tag>out.action.key="60";out.action.msg="je zappe sur Equidia Be In Two"</tag></item>		   

          </one-of>
    </item>	  

    <tag>out.action._attributes.uri="http://127.0.0.1:8080/sarah/bboxTV";</tag>
  </rule> 
</grammar>
